case_id,category,search_query,expected_title,expected_type,expected_parent_title,expected_platform,expected_region,expected_release_date,expected_date_precision,expected_status,expected_alternative_title,criticality,evidence
REC-01,recent_release,"Avatar Legends: The Fighting Game","Avatar Legends: The Fighting Game",main_game,,Xbox Series X|S,Worldwide,2026-07-23,day,released,,blocking,https://news.xbox.com/en-us/2026/07/17/next-week-on-xbox-new-games-for-july-20-to-24/
REC-02,recent_release,"Shift at Midnight","Shift at Midnight",main_game,,Xbox Series X|S,Worldwide,2026-07-22,day,released,,blocking,https://news.xbox.com/en-us/2026/07/21/xbox-game-pass-july-2026-wave-2/
REC-03,recent_release,"Hell is Us","Hell is Us",main_game,,Xbox Series X|S,Worldwide,2026-07-23,day,released,,blocking,https://news.xbox.com/en-us/2026/07/21/xbox-game-pass-july-2026-wave-2/
REC-04,recent_release,"The Planet Crafter","The Planet Crafter",main_game,,Xbox Series X|S,Worldwide,2026-07-21,day,released,,blocking,https://news.xbox.com/en-us/2026/07/07/xbox-game-pass-july-2026-wave-1/
REC-05,recent_release,FixForce,FixForce,main_game,,Xbox Series X|S,Worldwide,2026-07-17,day,released,,blocking,https://news.xbox.com/en-us/2026/07/07/xbox-game-pass-july-2026-wave-1/
REC-06,recent_release,Fogpiercer,Fogpiercer,main_game,,PC,Worldwide,2026-07-17,day,released,,blocking,https://news.xbox.com/en-us/2026/07/07/xbox-game-pass-july-2026-wave-1/
REC-07,recent_release,"Mavrix by Matt Jones","Mavrix by Matt Jones",main_game,,Xbox Series X|S,Worldwide,2026-07-16,day,released,,blocking,https://news.xbox.com/en-us/2026/07/07/xbox-game-pass-july-2026-wave-1/
REC-08,recent_release,"Quarantine Zone: The Last Check","Quarantine Zone: The Last Check",main_game,,PC,Worldwide,2026-07-15,day,released,,blocking,https://news.xbox.com/en-us/2026/07/07/xbox-game-pass-july-2026-wave-1/
REC-09,recent_release,"PBA Pro Bowling 2026","PBA Pro Bowling 2026",main_game,,Xbox Series X|S,Worldwide,2026-07-14,day,released,,blocking,https://news.xbox.com/en-us/2026/07/07/xbox-game-pass-july-2026-wave-1/
REC-10,recent_release,"Ascend to Zero","Ascend to Zero",main_game,,Xbox Series X|S,Worldwide,2026-07-13,day,released,,blocking,https://news.xbox.com/en-us/2026/07/07/xbox-game-pass-july-2026-wave-1/
UP-01,upcoming_release,"Halo: Campaign Evolved","Halo: Campaign Evolved",remake,,Xbox Series X|S,Worldwide,2026-07-28,day,announced,,blocking,https://news.xbox.com/en-us/2026/06/07/halo-campaign-evolved-launch-preorder-xbox-games-showcase-2026/
UP-02,upcoming_release,"Mistfall Hunter","Mistfall Hunter",main_game,,Xbox Series X|S,Worldwide,2026-07-30,day,announced,,blocking,https://news.xbox.com/en-us/2026/07/21/xbox-game-pass-july-2026-wave-2/
UP-03,upcoming_release,"Corsair Cove","Corsair Cove",main_game,,PC,Worldwide,2026-07-31,day,announced,,blocking,https://news.xbox.com/en-us/2026/07/21/xbox-game-pass-july-2026-wave-2/
UP-04,upcoming_release,"Beast of Reincarnation","Beast of Reincarnation",main_game,,Xbox Series X|S,Worldwide,2026-08-04,day,announced,,blocking,https://news.xbox.com/en-us/2026/07/21/xbox-game-pass-july-2026-wave-2/
UP-05,upcoming_release,"Lou's Lagoon","Lou's Lagoon",main_game,,PlayStation 5,Worldwide,2026-08-27,day,announced,,blocking,https://blog.playstation.com/2026/07/22/fresh-look-at-lous-lagoon-coming-to-ps5-on-august-27/
UP-06,upcoming_release,"Resonance: A Plague Tale Legacy","Resonance: A Plague Tale Legacy",main_game,,Xbox Series X|S,Worldwide,2026-08-27,day,announced,,blocking,https://news.xbox.com/en-us/2026/06/08/resonance-plague-tale-story-combat-details-xbox-games-showcase-2026/
UP-07,upcoming_release,"The Blood of Dawnwalker","The Blood of Dawnwalker",main_game,,PlayStation 5,Worldwide,2026-09-03,day,announced,,blocking,https://blog.playstation.com/2026/06/05/summer-game-fest-2026-highlights-16-games-coming-to-ps5/
UP-08,upcoming_release,"RuneScape: Dragonwilds","RuneScape: Dragonwilds",main_game,,PlayStation 5,Worldwide,2026-09-15,day,announced,,blocking,https://blog.playstation.com/2026/06/05/summer-game-fest-2026-highlights-16-games-coming-to-ps5/
UP-09,upcoming_release,"Control Resonant","Control Resonant",main_game,,PlayStation 5,Worldwide,2026-09-24,day,announced,,blocking,https://blog.playstation.com/2026/06/05/summer-game-fest-2026-highlights-16-games-coming-to-ps5/
UP-10,upcoming_release,"Gears of War: E-Day","Gears of War: E-Day",main_game,,Xbox Series X|S,Worldwide,2026-10-06,day,announced,,blocking,https://news.xbox.com/en-us/2026/06/07/xbox-games-showcase-2026-recap-everything-announced/
LOC-01,localized_title,"Paper Mario: La puerta milenaria","Paper Mario: The Thousand-Year Door",remake,,Nintendo Switch,Europe,2024-05-23,day,released,"Paper Mario: La puerta milenaria",non_blocking,https://www.nintendo.com/es-es/Juegos/Juegos-de-Nintendo-Switch/Paper-Mario-La-puerta-milenaria-2445545.html
LOC-02,localized_title,"Kirby y la tierra olvidada","Kirby and the Forgotten Land",main_game,,Nintendo Switch,Europe,2022-03-25,day,released,"Kirby y la tierra olvidada",non_blocking,https://www.nintendo.com/es-es/Juegos/Juegos-de-Nintendo-Switch/Kirby-y-la-tierra-olvidada-2045110.html
LOC-03,localized_title,"Mario & Luigi: Conexión fraternal","Mario & Luigi: Brothership",main_game,,Nintendo Switch,Europe,2024-11-07,day,released,"Mario & Luigi: Conexión fraternal",non_blocking,https://www.nintendo.com/es-es/Juegos/Juegos-de-Nintendo-Switch/Mario-Luigi-Conexion-fraternal-2590264.html
LOC-04,localized_title,"Detective Pikachu: El regreso","Detective Pikachu Returns",main_game,,Nintendo Switch,Europe,2023-10-06,day,released,"Detective Pikachu: El regreso",non_blocking,https://www.nintendo.com/es-es/Juegos/Juegos-de-Nintendo-Switch/Detective-Pikachu-El-regreso-2403487.html
LOC-05,localized_title,"El profesor Layton y el Nuevo Mundo a vapor","Professor Layton and the New World of Steam",main_game,,Nintendo Switch,Europe,,unknown,announced,"El profesor Layton y el Nuevo Mundo a vapor",non_blocking,https://www.nintendo.com/es-es/Juegos/Explorar-el-catalogo/Portal-de-personajes/Portal-para-la-serie-Layton/Portal-de-la-serie-Layton-627605.html
LOC-06,localized_title,"Estudio de videojuegos","Game Builder Garage",main_game,,Nintendo Switch,Europe,2021-06-11,day,released,"Estudio de videojuegos",non_blocking,https://www.nintendo.com/es-es/Juegos/Programas-descargables-Nintendo-Switch/Estudio-de-videojuegos-1964648.html
LOC-07,localized_title,"Pokémon Mundo misterioso: equipo de rescate DX","Pokémon Mystery Dungeon: Rescue Team DX",remake,,Nintendo Switch,Europe,2020-03-06,day,released,"Pokémon Mundo misterioso: equipo de rescate DX",non_blocking,https://www.nintendo.com/es-es/Juegos/Juegos-de-Nintendo-Switch/Pokemon-Mundo-misterioso-equipo-de-rescate-DX-1695693.html
LOC-08,localized_title,"EL MISTERIOSO VIAJE DE LAYTON: Katrielle y la conspiración de los millonarios - Edición Deluxe","Layton's Mystery Journey: Katrielle and the Millionaires' Conspiracy - Deluxe Edition",expanded_game,,Nintendo Switch,Europe,2019-11-08,day,released,"EL MISTERIOSO VIAJE DE LAYTON: Katrielle y la conspiración de los millonarios - Edición Deluxe",non_blocking,https://www.nintendo.com/es-es/Juegos/Juegos-de-Nintendo-Switch/EL-MISTERIOSO-VIAJE-DE-LAYTON-Katrielle-y-la-conspiracion-de-los-millonarios-Edicion-Deluxe-1589842.html
LOC-09,localized_title,"Brain Training del Dr. Kawashima para Nintendo Switch","Dr Kawashima's Brain Training for Nintendo Switch",main_game,,Nintendo Switch,Europe,2020-01-03,day,released,"Brain Training del Dr. Kawashima para Nintendo Switch",non_blocking,https://www.nintendo.com/es-es/Juegos/Juegos-de-Nintendo-Switch/Brain-Training-del-Dr-Kawashima-para-Nintendo-Switch-1656777.html
LOC-10,localized_title,"Snipperclips: ¡A recortar en compañía!","Snipperclips: Cut It Out, Together!",main_game,,Nintendo Switch,Europe,2017-03-03,day,released,"Snipperclips: ¡A recortar en compañía!",non_blocking,https://www.nintendo.com/es-es/Juegos/Programas-descargables-Nintendo-Switch/Snipperclips-A-recortar-en-companiia--1173331.html
IND-01,indie,"Hollow Knight","Hollow Knight",main_game,,PC,Worldwide,2017-02-24,day,released,,blocking,https://store.steampowered.com/search/?term=Hollow+Knight
IND-02,indie,Celeste,Celeste,main_game,,PC,Worldwide,2018-01-25,day,released,,blocking,https://store.steampowered.com/search/?term=Celeste
IND-03,indie,"Disco Elysium","Disco Elysium",main_game,,PC,Worldwide,2019-10-15,day,released,,blocking,https://store.steampowered.com/search/?term=Disco+Elysium
IND-04,indie,"Outer Wilds","Outer Wilds",main_game,,PC,Worldwide,2019-05-28,day,released,,blocking,https://store.steampowered.com/search/?term=Outer+Wilds
IND-05,indie,Tunic,Tunic,main_game,,PC,Worldwide,2022-03-16,day,released,,blocking,https://store.steampowered.com/search/?term=Tunic
IND-06,indie,"Chicory: A Colorful Tale","Chicory: A Colorful Tale",main_game,,PC,Worldwide,2021-06-10,day,released,,blocking,https://store.steampowered.com/search/?term=Chicory+A+Colorful+Tale
IND-07,indie,Norco,Norco,main_game,,PC,Worldwide,2022-03-24,day,released,,blocking,https://store.steampowered.com/search/?term=Norco
IND-08,indie,"Citizen Sleeper","Citizen Sleeper",main_game,,PC,Worldwide,2022-05-05,day,released,,blocking,https://store.steampowered.com/search/?term=Citizen+Sleeper
IND-09,indie,Cocoon,Cocoon,main_game,,PC,Worldwide,2023-09-29,day,released,,blocking,https://store.steampowered.com/search/?term=Cocoon
IND-10,indie,"Animal Well","Animal Well",main_game,,PC,Worldwide,2024-05-09,day,released,,blocking,https://store.steampowered.com/search/?term=Animal+Well
LEG-01,legacy_multiplatform_version,"The Elder Scrolls V: Skyrim","The Elder Scrolls V: Skyrim",main_game,,PlayStation 3,Worldwide,2011-11-11,day,released,,blocking,https://store.steampowered.com/search/?term=The+Elder+Scrolls+V+Skyrim
LEG-02,legacy_multiplatform_version,"Grand Theft Auto V","Grand Theft Auto V",main_game,,PlayStation 3,Worldwide,2013-09-17,day,released,,blocking,https://store.steampowered.com/search/?term=Grand+Theft+Auto+V
LEG-03,legacy_multiplatform_version,"Resident Evil 4","Resident Evil 4",main_game,,Nintendo GameCube,North America,2005-01-11,day,released,,blocking,https://store.steampowered.com/search/?term=Resident+Evil+4
LEG-04,legacy_multiplatform_version,"Final Fantasy VII","Final Fantasy VII",main_game,,PlayStation,Japan,1997-01-31,day,released,,blocking,https://store.steampowered.com/search/?term=Final+Fantasy+VII
LEG-05,legacy_multiplatform_version,"The Last of Us","The Last of Us",main_game,,PlayStation 3,Worldwide,2013-06-14,day,released,,blocking,https://www.playstation.com/en-us/games/the-last-of-us-part-i/
LEG-06,legacy_multiplatform_version,"Dark Souls","Dark Souls",main_game,,PlayStation 3,Japan,2011-09-22,day,released,,blocking,https://store.steampowered.com/search/?term=Dark+Souls
LEG-07,legacy_multiplatform_version,"Mass Effect","Mass Effect",main_game,,Xbox 360,North America,2007-11-20,day,released,,blocking,https://store.steampowered.com/search/?term=Mass+Effect
LEG-08,legacy_multiplatform_version,DOOM,DOOM,main_game,,PC,Worldwide,1993-12-10,day,released,,blocking,https://store.steampowered.com/search/?term=DOOM
LEG-09,legacy_multiplatform_version,"Tomb Raider","Tomb Raider",main_game,,Sega Saturn,Europe,1996-10-25,day,released,,blocking,https://store.steampowered.com/search/?term=Tomb+Raider
LEG-10,legacy_multiplatform_version,"The Witcher 3: Wild Hunt","The Witcher 3: Wild Hunt",main_game,,PC,Worldwide,2015-05-19,day,released,,blocking,https://store.steampowered.com/search/?term=The+Witcher+3+Wild+Hunt
DLC-01,dlc_expansion,"Elden Ring Shadow of the Erdtree","Elden Ring: Shadow of the Erdtree",expansion,"Elden Ring",PC,Worldwide,2024-06-21,day,released,,blocking,https://store.steampowered.com/search/?term=Elden+Ring+Shadow+of+the+Erdtree
DLC-02,dlc_expansion,"Cyberpunk 2077 Phantom Liberty","Cyberpunk 2077: Phantom Liberty",expansion,"Cyberpunk 2077",PC,Worldwide,2023-09-26,day,released,,blocking,https://store.steampowered.com/search/?term=Cyberpunk+2077+Phantom+Liberty
DLC-03,dlc_expansion,"The Witcher 3 Blood and Wine","The Witcher 3: Wild Hunt - Blood and Wine",expansion,"The Witcher 3: Wild Hunt",PC,Worldwide,2016-05-31,day,released,,blocking,https://store.steampowered.com/search/?term=The+Witcher+3+Blood+and+Wine
DLC-04,dlc_expansion,"Monster Hunter World Iceborne","Monster Hunter World: Iceborne",expansion,"Monster Hunter: World",PlayStation 4,Worldwide,2019-09-06,day,released,,blocking,https://store.steampowered.com/search/?term=Monster+Hunter+World+Iceborne
DLC-05,dlc_expansion,"Outer Wilds Echoes of the Eye","Outer Wilds: Echoes of the Eye",expansion,"Outer Wilds",PC,Worldwide,2021-09-28,day,released,,blocking,https://store.steampowered.com/search/?term=Outer+Wilds+Echoes+of+the+Eye
DATE-01,delayed_imprecise,"Final Fantasy VII Revelation","Final Fantasy VII Revelation",main_game,,PlayStation 5,Worldwide,2027,year,announced,,blocking,https://blog.playstation.com/2026/06/05/summer-game-fest-2026-highlights-16-games-coming-to-ps5/
DATE-02,delayed_imprecise,"Gundam Rogue Orbit","Gundam Rogue Orbit",main_game,,PlayStation 5,Worldwide,2027,year,announced,,blocking,https://blog.playstation.com/2026/06/05/summer-game-fest-2026-highlights-16-games-coming-to-ps5/
DATE-03,delayed_imprecise,Crossfire,Crossfire,main_game,,PlayStation 5,Unknown,,unknown,announced,,blocking,https://blog.playstation.com/2026/06/05/summer-game-fest-2026-highlights-16-games-coming-to-ps5/
DATE-04,delayed_imprecise,"gen Atlas","gen Atlas",main_game,,PlayStation 5,Unknown,,unknown,announced,,blocking,https://blog.playstation.com/2026/06/05/summer-game-fest-2026-highlights-16-games-coming-to-ps5/
DATE-05,delayed_imprecise,"HITMAN Classic Trilogy Remastered","HITMAN Classic Trilogy Remastered",remaster,,Xbox Series X|S,Worldwide,2027,year,announced,,blocking,https://news.xbox.com/en-us/2026/06/05/hitman-classic-trilogy-remastered-sgf-announce/
